{
  "model": "NS-HART",
  "timestamp": "2025-12-27T03:24:11.573262",
  "n_trials": 200,
  "best_params": {
    "embedding_dim": 192,
    "epochs": 130,
    "lr": 0.0024424201400482376,
    "weight_decay": 1.597387868406689e-05,
    "encoder_hidden_dim": 128,
    "encoder_layers": 1,
    "encoder_heads": 2,
    "dropout": 0.5,
    "use_node_features": true
  },
  "best_value": 0.7251908396946565,
  "best_trial": 136,
  "best_val_metrics": {
    "path_acc": 0.7251908396946565,
    "path_f1": 0.8407079646017699,
    "ab_acc": 0.7480916030534351,
    "ab_f1": 0.6753773372381167,
    "ab_auc_roc": 0.7541797283176594,
    "ab_mcc": 0.3949769388213271,
    "bc_acc": 0.7786259541984732,
    "bc_f1": 0.7333099333099333,
    "bc_auc_roc": 0.8160140562248996,
    "bc_mcc": 0.5103584997669928
  },
  "best_test_metrics": {
    "path_acc": 0.2556390977443609,
    "path_f1": 0.40718562874251496,
    "ab_acc": 0.38345864661654133,
    "ab_f1": 0.3187156421789106,
    "ab_auc_roc": 0.6419177427068389,
    "ab_mcc": -0.06834191252417014,
    "bc_acc": 0.47368421052631576,
    "bc_f1": 0.4184157921039481,
    "bc_auc_roc": 0.7052273792780122,
    "bc_mcc": 0.16901053034129893
  },
  "best_epoch": 20
}