{
  "model": "HypE",
  "timestamp": "2025-12-23T21:57:29.740069",
  "n_trials": 200,
  "best_params": {
    "epochs": 150,
    "lr": 1.2100936800820315e-05,
    "embedding_dim": 64,
    "hidden_dim": 192,
    "num_layers": 1,
    "dropout": 0.0,
    "use_text_features": false,
    "use_node_features": true
  },
  "best_value": 0.6717557251908397,
  "best_trial": 76,
  "best_val_metrics": {
    "path_acc": 0.6717557251908397,
    "path_f1": 0.8036529680365296,
    "ab_acc": 0.7175572519083969,
    "ab_f1": 0.6737564784276773,
    "ab_auc_roc": 0.749395258829221,
    "ab_mcc": 0.40206692614073447,
    "bc_acc": 0.7480916030534351,
    "bc_f1": 0.6691159586681975,
    "bc_auc_roc": 0.754681647940075,
    "bc_mcc": 0.3739675140243799
  },
  "best_test_metrics": {
    "path_acc": 0.5413533834586466,
    "path_f1": 0.7024390243902439,
    "ab_acc": 0.6165413533834586,
    "ab_f1": 0.5473473473473474,
    "ab_auc_roc": 0.6242924528301887,
    "ab_mcc": 0.1447319143935613,
    "bc_acc": 0.6466165413533834,
    "bc_f1": 0.6031866945978543,
    "bc_auc_roc": 0.7292805100182149,
    "bc_mcc": 0.30194295934536913
  },
  "best_epoch": 150
}