{
  "model": "N-ComplEx",
  "timestamp": "2025-12-26T23:15:01.436735",
  "n_trials": 200,
  "best_params": {
    "epochs": 150,
    "lr": 0.004933971625565012,
    "embedding_dim": 448,
    "dropout": 0.4,
    "val_every": 15,
    "use_node_features": true
  },
  "best_value": 0.7633587786259542,
  "best_trial": 25,
  "best_val_metrics": {
    "path_acc": 0.7633587786259542,
    "path_f1": 0.8658008658008658,
    "ab_acc": 0.8015267175572519,
    "ab_f1": 0.7897530864197531,
    "ab_auc_roc": 0.8203826169107227,
    "ab_mcc": 0.6060411798498286,
    "bc_acc": 0.7938931297709924,
    "bc_f1": 0.7619304031769536,
    "bc_auc_roc": 0.7895061728395062,
    "bc_mcc": 0.5576011265374575
  },
  "best_test_metrics": {
    "path_acc": 0.5939849624060151,
    "path_f1": 0.7452830188679245,
    "ab_acc": 0.6616541353383458,
    "ab_f1": 0.6349051424388459,
    "ab_auc_roc": 0.7487303785780239,
    "ab_mcc": 0.29344694769431684,
    "bc_acc": 0.6691729323308271,
    "bc_f1": 0.6636781609195402,
    "bc_auc_roc": 0.6845751930940481,
    "bc_mcc": 0.33229747972433127
  },
  "best_epoch": 70
}