{
  "epochs": 50,
  "lr": 0.0006362391042467869,
  "weight_decay": 3.9677836919324234e-05,
  "hidden_dim": 512,
  "dropout_rate": 0.4,
  "batch_size": 16
}